ivns_time,rank,configuration,variant,runs,gap_mean,gap_std,gap_median,gap_min,gap_max,time_mean,time_median
0.2,10,baseline-best-t0.20,baseline-best,90,109.01492702222222,35.579442929257375,121.836014,43.872921,161.656265,0.6890485333333333,0.7248645
0.5,7,baseline-first-t0.50,baseline-first,90,104.218323,34.025269704507906,114.77022199999999,39.183056,153.833038,1.1158785222222223,0.9845405
1.0,1,baseline-first-t1.00,baseline-first,90,98.98821504444444,29.38296907871575,105.8990365,43.872921,149.148209,1.2189404666666666,0.9094964999999999
1.5,2,baseline-first-t1.50,baseline-first,90,97.93687255555557,30.514855160844583,106.182648,47.957642,147.018738,0.9910487,0.636681
